{
  "ids": [
    44713,
    44714,
    44715,
    44716,
    44717
  ],
  "names": [
    "STARLINK-1007",
    "STARLINK-1008",
    "STARLINK-1009",
    "STARLINK-1010",
    "STARLINK-1011"
  ],
  "sma_km": [
    6925.3754245960245,
    6925.3413708603384,
    6925.3073175432792,
    6925.2732646448321,
    6925.2392121649918
  ],
  "inclination_deg": [
    53.0536,
    53.0537,
    53.0538,
    53.0539,
    53.054
  ],
  "eccentricity": [
    0.0001234,
    0.0001345,
    0.0001456,
    0.0001567,
    0.0001678
  ],
  "raan_deg": [
    120.1234,
    120.2345,
    120.3456,
    120.4567,
    120.5678
  ],
  "argperigee_deg": [
    90.1234,
    91.2345,
    92.3456,
    93.4567,
    94.5678
  ]
}