{
  "nSatellites": 500,
  "nTimesteps": 865,
  "altitudeStats": {
    "min_km": 495.51102402148393,
    "max_km": 574.80393163405643,
    "mean_km": 541.14495618405238,
    "std_km": 11.482725596239206
  },
  "inclinationStats": {
    "min_deg": 53.0453,
    "max_deg": 97.6596,
    "mean_deg": 54.603947000000005
  },
  "generatedAt": "2026-02-23T09:55:37",
  "satelliteIds": [
    44744,
    44930,
    44968,
    45098,
    45212,
    45366,
    45368,
    45370,
    45374,
    45581,
    45660,
    45668,
    45676,
    45677,
    45693,
    45701,
    45754,
    46027,
    46028,
    46029,
    46032,
    46033,
    46034,
    46035,
    46036,
    46038,
    46039,
    46043,
    46045,
    46052,
    46055,
    46060,
    46066,
    46070,
    46073,
    46074,
    46075,
    46076,
    46079,
    46082,
    46083,
    47126,
    47355,
    47356,
    47357,
    47358,
    47361,
    47362,
    47366,
    47367,
    47368,
    47371,
    47373,
    47375,
    47376,
    47377,
    47380,
    47381,
    47384,
    47385,
    47386,
    47388,
    47390,
    47391,
    47397,
    47401,
    47405,
    47407,
    47408,
    47630,
    47648,
    47650,
    47656,
    47728,
    47730,
    47736,
    47752,
    47789,
    47792,
    47793,
    47796,
    47797,
    47798,
    47799,
    47800,
    47802,
    47804,
    47805,
    47816,
    47823,
    47824,
    47827,
    47831,
    47833,
    47837,
    47840,
    47841,
    47843,
    47845,
    47874,
    47884,
    47887,
    47907,
    47919,
    47993,
    48000,
    48022,
    48023,
    48029,
    48097,
    48100,
    48105,
    48106,
    48107,
    48117,
    48119,
    48123,
    48126,
    48128,
    48131,
    48137,
    48139,
    48142,
    48144,
    48149,
    48150,
    48151,
    48276,
    48277,
    48278,
    48280,
    48301,
    48304,
    48305,
    48306,
    48310,
    48314,
    48315,
    48316,
    48318,
    48319,
    48320,
    48321,
    48323,
    48325,
    48326,
    48327,
    48328,
    48329,
    48330,
    48331,
    48333,
    48334,
    48386,
    48388,
    48398,
    48410,
    48411,
    48412,
    48431,
    48432,
    48433,
    48435,
    48437,
    48462,
    48464,
    48465,
    48466,
    48467,
    48468,
    48469,
    48470,
    48471,
    48472,
    48473,
    48474,
    48478,
    48479,
    48555,
    48556,
    48566,
    48570,
    48571,
    48572,
    48574,
    48581,
    48582,
    48583,
    48584,
    48586,
    48592,
    48593,
    48594,
    48595,
    48596,
    48597,
    48603,
    48604,
    48662,
    48666,
    48667,
    48671,
    48673,
    48674,
    48676,
    48679,
    48686,
    48687,
    48688,
    48691,
    48692,
    48880,
    48881,
    49131,
    49132,
    49133,
    49134,
    49135,
    49137,
    49138,
    49139,
    49141,
    49143,
    49144,
    49145,
    49146,
    49147,
    49148,
    49151,
    49153,
    49154,
    49155,
    49156,
    49157,
    49159,
    49160,
    49161,
    49163,
    49164,
    49165,
    49166,
    49167,
    49169,
    49171,
    49173,
    49175,
    49176,
    49177,
    49178,
    49179,
    49181,
    49408,
    49409,
    49410,
    49411,
    49413,
    49414,
    49415,
    49416,
    49417,
    49418,
    49419,
    49420,
    49421,
    49422,
    49424,
    49425,
    49426,
    49427,
    49428,
    49430,
    49431,
    49432,
    49433,
    49434,
    49435,
    49436,
    49437,
    49438,
    49440,
    49441,
    49442,
    49443,
    49444,
    49445,
    49446,
    49447,
    49450,
    49451,
    49452,
    49453,
    49454,
    49455,
    49456,
    49457,
    49458,
    49459,
    49460,
    49724,
    49725,
    49727,
    49728,
    49729,
    49730,
    49732,
    49733,
    49734,
    49735,
    49736,
    49737,
    49738,
    49739,
    49740,
    49741,
    49742,
    49743,
    49744,
    49745,
    49746,
    49747,
    49748,
    49749,
    49750,
    49751,
    49752,
    49753,
    49754,
    49755,
    49756,
    49757,
    49758,
    49759,
    49760,
    49761,
    49762,
    49763,
    49765,
    49766,
    49767,
    49768,
    49769,
    49770,
    49771,
    50159,
    50161,
    50163,
    50165,
    50166,
    50167,
    50169,
    50170,
    50171,
    50172,
    50173,
    50174,
    50175,
    50176,
    50177,
    50179,
    50180,
    50181,
    50182,
    50183,
    50185,
    50186,
    50187,
    50189,
    50190,
    50191,
    50192,
    50193,
    50195,
    50197,
    50198,
    50199,
    50200,
    50202,
    50203,
    50204,
    50205,
    50804,
    50805,
    50806,
    50808,
    50809,
    50812,
    50814,
    50815,
    50816,
    50817,
    50818,
    50819,
    50820,
    50821,
    50822,
    50823,
    50825,
    50827,
    50828,
    50829,
    50830,
    50831,
    50832,
    50834,
    50835,
    50836,
    50837,
    50839,
    50840,
    50841,
    50842,
    50844,
    50845,
    50846,
    50848,
    50849,
    50850,
    50851,
    51104,
    51105,
    51106,
    51108,
    51109,
    51110,
    51111,
    51112,
    51113,
    51114,
    51115,
    51116,
    51117,
    51118,
    51120,
    51121,
    51123,
    51124,
    51125,
    51126,
    51127,
    51128,
    51129,
    51130,
    51131,
    51132,
    51133,
    51135,
    51136,
    51137,
    51138,
    51139,
    51140,
    51141,
    51142,
    51143,
    51144,
    51146,
    51148,
    51149,
    51150,
    51152,
    51461,
    51462,
    51463,
    51464,
    51465,
    51467,
    51468,
    51469,
    51472,
    51714,
    51715,
    51716,
    51717,
    51718,
    51719,
    51720,
    51721,
    51722,
    51724,
    51725,
    51726,
    51727,
    51729,
    51731,
    51732,
    51733,
    51734,
    51735,
    51736,
    51737,
    51738,
    51739,
    51740,
    51741,
    51742,
    51743,
    51744,
    51745,
    51746,
    51747
  ],