{
  "N": [
    100,
    500,
    1000,
    5000
  ],
  "StepsPerSec": [
    4042.892812549605,
    15551.206705526065,
    28788.864117286845,
    123995.36014322158
  ],
  "WallTime_s": [
    24.7347641,
    32.1518458,
    34.7356532,
    40.3240895
  ],
  "TimePerStep_us": [
    24734.7641,
    32151.845799999996,
    34735.6532,
    40324.0895
  ],
  "GPU_MB": [
    1095.651392,
    1095.651392,
    1095.651392,
    1095.651392
  ],
  "actual": {
    "nSatellites": 500,
    "propTime_s": 139.482122,
    "nSteps": 865,
    "effectiveStepsPerSec": 3100.7558086906652
  }
}