{
  "N": [
    100,
    500
  ],
  "StepsPerSec": [
    3584.8910407858571,
    15546.676523839991
  ],
  "WallTime_s": [
    27.8948506,
    32.1612146
  ],
  "TimePerStep_us": [
    27894.8506,
    32161.214600000003
  ],
  "GPU_MB": [
    1095.651392,
    1095.651392
  ],
  "actual": {
    "nSatellites": 5,
    "propTime_s": 144.6123122,
    "nSteps": 865,
    "effectiveStepsPerSec": 29.9075502922496
  }
}